Student ID,Student Name,Status,Amount Paid,Receipt Number,Remaining Balance,Error
PRI202606-UQ4W-096,N/A,Failed,0,N/A,0,Student not found
PRI202606-SJH8-083,N/A,Failed,0,N/A,0,Student not found
PRI202606-ZQFX-081,N/A,Failed,0,N/A,0,Student not found
PRI202606-Q48N-066,N/A,Failed,0,N/A,0,Student not found
PRI202606-7DUO-070,N/A,Failed,0,N/A,0,Student not found
PRI202606-0QFG-071,N/A,Failed,0,N/A,0,Student not found
PRI202606-E2US-075,N/A,Failed,0,N/A,0,Student not found
PRI202606-VCZK-076,N/A,Failed,0,N/A,0,Student not found
PRI202606-ZW0K-050,N/A,Failed,0,N/A,0,Student not found
PRI202606-9FPR-056,N/A,Failed,0,N/A,0,Student not found
PRI202606-LA9Y-058,N/A,Failed,0,N/A,0,Student not found
PRI202606-NWQC-039,N/A,Failed,0,N/A,0,Student not found
PRI202606-URE0-040,N/A,Failed,0,N/A,0,Student not found
PRI202606-HFR4-042,N/A,Failed,0,N/A,0,Student not found
TOP202606-M75T-029,N/A,Failed,0,N/A,0,Student not found
TOP202606-VMBU-031,N/A,Failed,0,N/A,0,Student not found
TOP202606-J08N-032,N/A,Failed,0,N/A,0,Student not found
MID202606-RT0V-020,N/A,Failed,0,N/A,0,Student not found
BAB202606-YCWF-004,N/A,Failed,0,N/A,0,Student not found
BAB202606-1PUZ-005,N/A,Failed,0,N/A,0,Student not found
BAB202606-MYDM-008,N/A,Failed,0,N/A,0,Student not found
BAB202606-W51E-009,N/A,Failed,0,N/A,0,Student not found
BAB202606-9U5C-011,N/A,Failed,0,N/A,0,Student not found
BAB202606-1S8D-012,N/A,Failed,0,N/A,0,Student not found
BAB202606-ZIAK-013,N/A,Failed,0,N/A,0,Student not found
